,company_name,name_of_revenue_stream,paid_to,value_reported
0,Myanmar Win Gate Gems Jewellery Mining,Sale Split,Myanmar Gems Enterprise,22016118850.4
0,Myanmar Win Gate Gems Jewellery Mining,Sales Royalties,Myanmar Gems Enterprise,4368922882.61
0,Myanmar Win Gate Gems Jewellery Mining,Emporium Fees,Central Comittee,561719142.27
0,Myanmar Win Gate Gems Jewellery Mining,Other significant payments,Myanmar Gems Enterprise,0.0
0,Myanmar Win Gate Gems Jewellery Mining,Production Royalties,Myanmar Gems Enterprise,0.0
0,Myanmar Win Gate Gems Jewellery Mining,Production Royalties,Department of Mines,0.0
0,Myanmar Win Gate Gems Jewellery Mining,Permit Fees,Myanmar Gems Enterprise,0.0
0,Myanmar Win Gate Gems Jewellery Mining,Incentive Fees,Myanmar Gems Enterprise,561635993.49
0,Myanmar Win Gate Gems Jewellery Mining,Commercial Tax,Myanmar Gems Enterprise,0.0
0,Myanmar Win Gate Gems Jewellery Mining,Corporate Income Tax,Internal Revenue Department,0.0
0,Myanmar Win Gate Gems Jewellery Mining,Commercial Tax,Internal Revenue Department,7603074.05
0,Myanmar Win Gate Gems Jewellery Mining,Customs Duties,Customs Department,0.0
0,Myanmar Win Gate Gems Jewellery Mining,Sales Royalties,Internal Revenue Department,0.0
0,Sein Lom Taung Tan Gems Ltd,Sale Split,Myanmar Gems Enterprise,11730129994.9
0,Sein Lom Taung Tan Gems Ltd,Sales Royalties,Myanmar Gems Enterprise,2068654718.13
0,Sein Lom Taung Tan Gems Ltd,Emporium Fees,Central Comittee,373694912.28
0,Sein Lom Taung Tan Gems Ltd,Other significant payments,Myanmar Gems Enterprise,0.0
0,Sein Lom Taung Tan Gems Ltd,Production Royalties,Myanmar Gems Enterprise,111056170.0
0,Sein Lom Taung Tan Gems Ltd,Production Royalties,Department of Mines,0.0
0,Sein Lom Taung Tan Gems Ltd,Permit Fees,Myanmar Gems Enterprise,0.0
0,Sein Lom Taung Tan Gems Ltd,Incentive Fees,Myanmar Gems Enterprise,263696277.13
0,Sein Lom Taung Tan Gems Ltd,Commercial Tax,Myanmar Gems Enterprise,0.0
0,Sein Lom Taung Tan Gems Ltd,Corporate Income Tax,Internal Revenue Department,0.0
0,Sein Lom Taung Tan Gems Ltd,Commercial Tax,Internal Revenue Department,0.0
0,Sein Lom Taung Tan Gems Ltd,Customs Duties,Customs Department,0.0
0,Sein Lom Taung Tan Gems Ltd,Sales Royalties,Internal Revenue Department,0.0
0,Yar Za Htar Ne Gems CoLtd,Sale Split,Myanmar Gems Enterprise,8375401491.02
0,Yar Za Htar Ne Gems CoLtd,Sales Royalties,Myanmar Gems Enterprise,1487428368.14
0,Yar Za Htar Ne Gems CoLtd,Emporium Fees,Central Comittee,260449983.66
0,Yar Za Htar Ne Gems CoLtd,Other significant payments,Myanmar Gems Enterprise,0.0
0,Yar Za Htar Ne Gems CoLtd,Production Royalties,Myanmar Gems Enterprise,133278840.0
0,Yar Za Htar Ne Gems CoLtd,Production Royalties,Department of Mines,0.0
0,Yar Za Htar Ne Gems CoLtd,Permit Fees,Myanmar Gems Enterprise,2000000.0
0,Yar Za Htar Ne Gems CoLtd,Incentive Fees,Myanmar Gems Enterprise,191240934.17
0,Yar Za Htar Ne Gems CoLtd,Commercial Tax,Myanmar Gems Enterprise,0.0
0,Yar Za Htar Ne Gems CoLtd,Corporate Income Tax,Internal Revenue Department,299848482.0
0,Yar Za Htar Ne Gems CoLtd,Commercial Tax,Internal Revenue Department,0.0
0,Yar Za Htar Ne Gems CoLtd,Customs Duties,Customs Department,151683239.0
0,Yar Za Htar Ne Gems CoLtd,Sales Royalties,Internal Revenue Department,4843587771.88
0,Myanmar Imperial JadeGems Jewellery,Sale Split,Myanmar Gems Enterprise,0.0
0,Myanmar Imperial JadeGems Jewellery,Sales Royalties,Myanmar Gems Enterprise,6271883499.31
0,Myanmar Imperial JadeGems Jewellery,Emporium Fees,Central Comittee,1447183483.42
0,Myanmar Imperial JadeGems Jewellery,Other significant payments,Myanmar Gems Enterprise,0.0
0,Myanmar Imperial JadeGems Jewellery,Production Royalties,Myanmar Gems Enterprise,211637770.0
0,Myanmar Imperial JadeGems Jewellery,Production Royalties,Department of Mines,0.0
0,Myanmar Imperial JadeGems Jewellery,Permit Fees,Myanmar Gems Enterprise,0.0
0,Myanmar Imperial JadeGems Jewellery,Incentive Fees,Myanmar Gems Enterprise,0.0
0,Myanmar Imperial JadeGems Jewellery,Commercial Tax,Myanmar Gems Enterprise,0.0
0,Myanmar Imperial JadeGems Jewellery,Corporate Income Tax,Internal Revenue Department,0.0
0,Myanmar Imperial JadeGems Jewellery,Commercial Tax,Internal Revenue Department,0.0
0,Myanmar Imperial JadeGems Jewellery,Customs Duties,Customs Department,0.0
0,Myanmar Imperial JadeGems Jewellery,Sales Royalties,Internal Revenue Department,0.0
0,Wai Aung Gabar Gems Co Ltd,Sale Split,Myanmar Gems Enterprise,6076685593.77
0,Wai Aung Gabar Gems Co Ltd,Sales Royalties,Myanmar Gems Enterprise,1109533540.83
0,Wai Aung Gabar Gems Co Ltd,Emporium Fees,Central Comittee,191910500.3
0,Wai Aung Gabar Gems Co Ltd,Other significant payments,Myanmar Gems Enterprise,0.0
0,Wai Aung Gabar Gems Co Ltd,Production Royalties,Myanmar Gems Enterprise,394986580.0
0,Wai Aung Gabar Gems Co Ltd,Production Royalties,Department of Mines,0.0
0,Wai Aung Gabar Gems Co Ltd,Permit Fees,Myanmar Gems Enterprise,0.0
0,Wai Aung Gabar Gems Co Ltd,Incentive Fees,Myanmar Gems Enterprise,140876710.26
0,Wai Aung Gabar Gems Co Ltd,Commercial Tax,Myanmar Gems Enterprise,0.0
0,Wai Aung Gabar Gems Co Ltd,Corporate Income Tax,Internal Revenue Department,145414895.0
0,Wai Aung Gabar Gems Co Ltd,Commercial Tax,Internal Revenue Department,367371438.0
0,Wai Aung Gabar Gems Co Ltd,Customs Duties,Customs Department,151683240.0
0,Wai Aung Gabar Gems Co Ltd,Sales Royalties,Internal Revenue Department,0.0
0,Ayar Jade Co Ltd,Sale Split,Myanmar Gems Enterprise,5769339940.84
0,Ayar Jade Co Ltd,Sales Royalties,Myanmar Gems Enterprise,1076941738.73
0,Ayar Jade Co Ltd,Emporium Fees,Central Comittee,164872940.81
0,Ayar Jade Co Ltd,Other significant payments,Myanmar Gems Enterprise,0.0
0,Ayar Jade Co Ltd,Production Royalties,Myanmar Gems Enterprise,183728520.0
0,Ayar Jade Co Ltd,Production Royalties,Department of Mines,0.0
0,Ayar Jade Co Ltd,Permit Fees,Myanmar Gems Enterprise,0.0
0,Ayar Jade Co Ltd,Incentive Fees,Myanmar Gems Enterprise,138464135.81
0,Ayar Jade Co Ltd,Commercial Tax,Myanmar Gems Enterprise,0.0
0,Ayar Jade Co Ltd,Corporate Income Tax,Internal Revenue Department,0.0
0,Ayar Jade Co Ltd,Commercial Tax,Internal Revenue Department,1111279260.0
0,Ayar Jade Co Ltd,Customs Duties,Customs Department,0.0
0,Ayar Jade Co Ltd,Sales Royalties,Internal Revenue Department,0.0
0,Myat Yamon Gems CoLtd,Sale Split,Myanmar Gems Enterprise,5572468128.33
0,Myat Yamon Gems CoLtd,Sales Royalties,Myanmar Gems Enterprise,1059697185.69
0,Myat Yamon Gems CoLtd,Emporium Fees,Central Comittee,182701053.92
0,Myat Yamon Gems CoLtd,Other significant payments,Myanmar Gems Enterprise,0.0
0,Myat Yamon Gems CoLtd,Production Royalties,Myanmar Gems Enterprise,17139980.0
0,Myat Yamon Gems CoLtd,Production Royalties,Department of Mines,0.0
0,Myat Yamon Gems CoLtd,Permit Fees,Myanmar Gems Enterprise,800000.0
0,Myat Yamon Gems CoLtd,Incentive Fees,Myanmar Gems Enterprise,129921228.58
0,Myat Yamon Gems CoLtd,Commercial Tax,Myanmar Gems Enterprise,0.0
0,Myat Yamon Gems CoLtd,Corporate Income Tax,Internal Revenue Department,5605202.0
0,Myat Yamon Gems CoLtd,Commercial Tax,Internal Revenue Department,0.0
0,Myat Yamon Gems CoLtd,Customs Duties,Customs Department,40702317.0
0,Myat Yamon Gems CoLtd,Sales Royalties,Internal Revenue Department,0.0
0,Kyauk Seinn Nagar Gems,Sale Split,Myanmar Gems Enterprise,5481799277.55
0,Kyauk Seinn Nagar Gems,Sales Royalties,Myanmar Gems Enterprise,1069317247.57
0,Kyauk Seinn Nagar Gems,Emporium Fees,Central Comittee,156930479.07
0,Kyauk Seinn Nagar Gems,Other significant payments,Myanmar Gems Enterprise,0.0
0,Kyauk Seinn Nagar Gems,Production Royalties,Myanmar Gems Enterprise,0.0
0,Kyauk Seinn Nagar Gems,Production Royalties,Department of Mines,0.0
0,Kyauk Seinn Nagar Gems,Permit Fees,Myanmar Gems Enterprise,0.0
0,Kyauk Seinn Nagar Gems,Incentive Fees,Myanmar Gems Enterprise,133426075.64
0,Kyauk Seinn Nagar Gems,Commercial Tax,Myanmar Gems Enterprise,0.0
0,Kyauk Seinn Nagar Gems,Corporate Income Tax,Internal Revenue Department,10470602.0
0,Kyauk Seinn Nagar Gems,Commercial Tax,Internal Revenue Department,0.0
0,Kyauk Seinn Nagar Gems,Customs Duties,Customs Department,0.0
0,Kyauk Seinn Nagar Gems,Sales Royalties,Internal Revenue Department,0.0
0,Myanmar Sithu Jewellery,Sale Split,Myanmar Gems Enterprise,4345327526.54
0,Myanmar Sithu Jewellery,Sales Royalties,Myanmar Gems Enterprise,862168439.99
0,Myanmar Sithu Jewellery,Emporium Fees,Central Comittee,116438527.92
0,Myanmar Sithu Jewellery,Other significant payments,Myanmar Gems Enterprise,0.0
0,Myanmar Sithu Jewellery,Production Royalties,Myanmar Gems Enterprise,85827150.0
0,Myanmar Sithu Jewellery,Production Royalties,Department of Mines,0.0
0,Myanmar Sithu Jewellery,Permit Fees,Myanmar Gems Enterprise,0.0
0,Myanmar Sithu Jewellery,Incentive Fees,Myanmar Gems Enterprise,110849922.04
0,Myanmar Sithu Jewellery,Commercial Tax,Myanmar Gems Enterprise,0.0
0,Myanmar Sithu Jewellery,Corporate Income Tax,Internal Revenue Department,221274971.0
0,Myanmar Sithu Jewellery,Commercial Tax,Internal Revenue Department,549791561.0
0,Myanmar Sithu Jewellery,Customs Duties,Customs Department,193333801.0
0,Myanmar Sithu Jewellery,Sales Royalties,Internal Revenue Department,0.0
0,Linn Lett Win Yadanar Gems,Sale Split,Myanmar Gems Enterprise,4164646611.43
0,Linn Lett Win Yadanar Gems,Sales Royalties,Myanmar Gems Enterprise,843239494.24
0,Linn Lett Win Yadanar Gems,Emporium Fees,Central Comittee,110872598.98
0,Linn Lett Win Yadanar Gems,Other significant payments,Myanmar Gems Enterprise,0.0
0,Linn Lett Win Yadanar Gems,Production Royalties,Myanmar Gems Enterprise,127335200.0
0,Linn Lett Win Yadanar Gems,Production Royalties,Department of Mines,0.0
0,Linn Lett Win Yadanar Gems,Permit Fees,Myanmar Gems Enterprise,433960000.0
0,Linn Lett Win Yadanar Gems,Incentive Fees,Myanmar Gems Enterprise,99231769.78
0,Linn Lett Win Yadanar Gems,Commercial Tax,Myanmar Gems Enterprise,0.0
0,Linn Lett Win Yadanar Gems,Corporate Income Tax,Internal Revenue Department,56357457.0
0,Linn Lett Win Yadanar Gems,Commercial Tax,Internal Revenue Department,332581321.0
0,Linn Lett Win Yadanar Gems,Customs Duties,Customs Department,54064131.0
0,Linn Lett Win Yadanar Gems,Sales Royalties,Internal Revenue Department,0.0
0,Yadanar Taung Tann Gems,Sale Split,Myanmar Gems Enterprise,3378206082.92
0,Yadanar Taung Tann Gems,Sales Royalties,Myanmar Gems Enterprise,633744883.2
0,Yadanar Taung Tann Gems,Emporium Fees,Central Comittee,95718791.91
0,Yadanar Taung Tann Gems,Other significant payments,Myanmar Gems Enterprise,0.0
0,Yadanar Taung Tann Gems,Production Royalties,Myanmar Gems Enterprise,174826640.0
0,Yadanar Taung Tann Gems,Production Royalties,Department of Mines,0.0
0,Yadanar Taung Tann Gems,Permit Fees,Myanmar Gems Enterprise,0.0
0,Yadanar Taung Tann Gems,Incentive Fees,Myanmar Gems Enterprise,81482024.91
0,Yadanar Taung Tann Gems,Commercial Tax,Myanmar Gems Enterprise,0.0
0,Yadanar Taung Tann Gems,Corporate Income Tax,Internal Revenue Department,855086.0
0,Yadanar Taung Tann Gems,Commercial Tax,Internal Revenue Department,0.0
0,Yadanar Taung Tann Gems,Customs Duties,Customs Department,0.0
0,Yadanar Taung Tann Gems,Sales Royalties,Internal Revenue Department,0.0
0,Khin Zaw Aung Brothers Gems Jewellery,Sale Split,Myanmar Gems Enterprise,3283564592.31
0,Khin Zaw Aung Brothers Gems Jewellery,Sales Royalties,Myanmar Gems Enterprise,700946735.06
0,Khin Zaw Aung Brothers Gems Jewellery,Emporium Fees,Central Comittee,108834145.05
0,Khin Zaw Aung Brothers Gems Jewellery,Other significant payments,Myanmar Gems Enterprise,0.0
0,Khin Zaw Aung Brothers Gems Jewellery,Production Royalties,Myanmar Gems Enterprise,158770500.0
0,Khin Zaw Aung Brothers Gems Jewellery,Production Royalties,Department of Mines,0.0
0,Khin Zaw Aung Brothers Gems Jewellery,Permit Fees,Myanmar Gems Enterprise,0.0
0,Khin Zaw Aung Brothers Gems Jewellery,Incentive Fees,Myanmar Gems Enterprise,77590410.04
0,Khin Zaw Aung Brothers Gems Jewellery,Commercial Tax,Myanmar Gems Enterprise,0.0
0,Khin Zaw Aung Brothers Gems Jewellery,Corporate Income Tax,Internal Revenue Department,0.0
0,Khin Zaw Aung Brothers Gems Jewellery,Commercial Tax,Internal Revenue Department,0.0
0,Khin Zaw Aung Brothers Gems Jewellery,Customs Duties,Customs Department,0.0
0,Khin Zaw Aung Brothers Gems Jewellery,Sales Royalties,Internal Revenue Department,0.0
0,Shwe Gaung Gaung Gems,Sale Split,Myanmar Gems Enterprise,2894515508.65
0,Shwe Gaung Gaung Gems,Sales Royalties,Myanmar Gems Enterprise,537779852.61
0,Shwe Gaung Gaung Gems,Emporium Fees,Central Comittee,122950196.89
0,Shwe Gaung Gaung Gems,Other significant payments,Myanmar Gems Enterprise,0.0
0,Shwe Gaung Gaung Gems,Production Royalties,Myanmar Gems Enterprise,132479220.0
0,Shwe Gaung Gaung Gems,Production Royalties,Department of Mines,0.0
0,Shwe Gaung Gaung Gems,Permit Fees,Myanmar Gems Enterprise,0.0
0,Shwe Gaung Gaung Gems,Incentive Fees,Myanmar Gems Enterprise,67568462.39
0,Shwe Gaung Gaung Gems,Commercial Tax,Myanmar Gems Enterprise,0.0
0,Shwe Gaung Gaung Gems,Corporate Income Tax,Internal Revenue Department,0.0
0,Shwe Gaung Gaung Gems,Commercial Tax,Internal Revenue Department,0.0
0,Shwe Gaung Gaung Gems,Customs Duties,Customs Department,0.0
0,Shwe Gaung Gaung Gems,Sales Royalties,Internal Revenue Department,0.0
0,Xie Family,Sale Split,Myanmar Gems Enterprise,2651799789.21
0,Xie Family,Sales Royalties,Myanmar Gems Enterprise,526150361.88
0,Xie Family,Emporium Fees,Central Comittee,67647831.68
0,Xie Family,Other significant payments,Myanmar Gems Enterprise,0.0
0,Xie Family,Production Royalties,Myanmar Gems Enterprise,0.0
0,Xie Family,Production Royalties,Department of Mines,0.0
0,Xie Family,Permit Fees,Myanmar Gems Enterprise,0.0
0,Xie Family,Incentive Fees,Myanmar Gems Enterprise,67647831.68
0,Xie Family,Commercial Tax,Myanmar Gems Enterprise,0.0
0,Xie Family,Corporate Income Tax,Internal Revenue Department,0.0
0,Xie Family,Commercial Tax,Internal Revenue Department,0.0
0,Xie Family,Customs Duties,Customs Department,0.0
0,Xie Family,Sales Royalties,Internal Revenue Department,0.0
0,Great Genesis Gems Co Ltd,Sale Split,Myanmar Gems Enterprise,2253889357.44
0,Great Genesis Gems Co Ltd,Sales Royalties,Myanmar Gems Enterprise,433633486.0
0,Great Genesis Gems Co Ltd,Emporium Fees,Central Comittee,64434608.67
0,Great Genesis Gems Co Ltd,Other significant payments,Myanmar Gems Enterprise,0.0
0,Great Genesis Gems Co Ltd,Production Royalties,Myanmar Gems Enterprise,0.0
0,Great Genesis Gems Co Ltd,Production Royalties,Department of Mines,0.0
0,Great Genesis Gems Co Ltd,Permit Fees,Myanmar Gems Enterprise,0.0
0,Great Genesis Gems Co Ltd,Incentive Fees,Myanmar Gems Enterprise,55752516.82
0,Great Genesis Gems Co Ltd,Commercial Tax,Myanmar Gems Enterprise,0.0
0,Great Genesis Gems Co Ltd,Corporate Income Tax,Internal Revenue Department,16354443.0
0,Great Genesis Gems Co Ltd,Commercial Tax,Internal Revenue Department,0.0
0,Great Genesis Gems Co Ltd,Customs Duties,Customs Department,0.0
0,Great Genesis Gems Co Ltd,Sales Royalties,Internal Revenue Department,0.0
0,Richest Gems CoLtd,Sale Split,Myanmar Gems Enterprise,2148685458.86
0,Richest Gems CoLtd,Sales Royalties,Myanmar Gems Enterprise,450707961.99
0,Richest Gems CoLtd,Emporium Fees,Central Comittee,68750536.51
0,Richest Gems CoLtd,Other significant payments,Myanmar Gems Enterprise,0.0
0,Richest Gems CoLtd,Production Royalties,Myanmar Gems Enterprise,8494740.0
0,Richest Gems CoLtd,Production Royalties,Department of Mines,0.0
0,Richest Gems CoLtd,Permit Fees,Myanmar Gems Enterprise,0.0
0,Richest Gems CoLtd,Incentive Fees,Myanmar Gems Enterprise,51249884.4
0,Richest Gems CoLtd,Commercial Tax,Myanmar Gems Enterprise,0.0
0,Richest Gems CoLtd,Corporate Income Tax,Internal Revenue Department,0.0
0,Richest Gems CoLtd,Commercial Tax,Internal Revenue Department,0.0
0,Richest Gems CoLtd,Customs Duties,Customs Department,0.0
0,Richest Gems CoLtd,Sales Royalties,Internal Revenue Department,0.0
0,Kyaing International Gems,Sale Split,Myanmar Gems Enterprise,2138639612.88
0,Kyaing International Gems,Sales Royalties,Myanmar Gems Enterprise,336487994.7
0,Kyaing International Gems,Emporium Fees,Central Comittee,79387076.86
0,Kyaing International Gems,Other significant payments,Myanmar Gems Enterprise,0.0
0,Kyaing International Gems,Production Royalties,Myanmar Gems Enterprise,56112835.0
0,Kyaing International Gems,Production Royalties,Department of Mines,0.0
0,Kyaing International Gems,Permit Fees,Myanmar Gems Enterprise,0.0
0,Kyaing International Gems,Incentive Fees,Myanmar Gems Enterprise,43262562.2
0,Kyaing International Gems,Commercial Tax,Myanmar Gems Enterprise,0.0
0,Kyaing International Gems,Corporate Income Tax,Internal Revenue Department,0.0
0,Kyaing International Gems,Commercial Tax,Internal Revenue Department,0.0
0,Kyaing International Gems,Customs Duties,Customs Department,0.0
0,Kyaing International Gems,Sales Royalties,Internal Revenue Department,0.0
0,Phyo Thiha Kyaw Gems,Sale Split,Myanmar Gems Enterprise,2050593420.35
0,Phyo Thiha Kyaw Gems,Sales Royalties,Myanmar Gems Enterprise,381096055.34
0,Phyo Thiha Kyaw Gems,Emporium Fees,Central Comittee,59180758.19
0,Phyo Thiha Kyaw Gems,Other significant payments,Myanmar Gems Enterprise,0.0
0,Phyo Thiha Kyaw Gems,Production Royalties,Myanmar Gems Enterprise,15208380.0
0,Phyo Thiha Kyaw Gems,Production Royalties,Department of Mines,0.0
0,Phyo Thiha Kyaw Gems,Permit Fees,Myanmar Gems Enterprise,0.0
0,Phyo Thiha Kyaw Gems,Incentive Fees,Myanmar Gems Enterprise,48951954.48
0,Phyo Thiha Kyaw Gems,Commercial Tax,Myanmar Gems Enterprise,0.0
0,Phyo Thiha Kyaw Gems,Corporate Income Tax,Internal Revenue Department,0.0
0,Phyo Thiha Kyaw Gems,Commercial Tax,Internal Revenue Department,0.0
0,Phyo Thiha Kyaw Gems,Customs Duties,Customs Department,0.0
0,Phyo Thiha Kyaw Gems,Sales Royalties,Internal Revenue Department,0.0
0,Myanma Gon Yi Gems Jewellery Kaung Myat Thukha Company Limited,Sale Split,Myanmar Gems Enterprise,0.0
0,Myanma Gon Yi Gems Jewellery Kaung Myat Thukha Company Limited,Sales Royalties,Myanmar Gems Enterprise,0.0
0,Myanma Gon Yi Gems Jewellery Kaung Myat Thukha Company Limited,Emporium Fees,Central Comittee,0.0
0,Myanma Gon Yi Gems Jewellery Kaung Myat Thukha Company Limited,Other significant payments,Myanmar Gems Enterprise,0.0
0,Myanma Gon Yi Gems Jewellery Kaung Myat Thukha Company Limited,Production Royalties,Myanmar Gems Enterprise,0.0
0,Myanma Gon Yi Gems Jewellery Kaung Myat Thukha Company Limited,Production Royalties,Department of Mines,0.0
0,Myanma Gon Yi Gems Jewellery Kaung Myat Thukha Company Limited,Permit Fees,Myanmar Gems Enterprise,0.0
0,Myanma Gon Yi Gems Jewellery Kaung Myat Thukha Company Limited,Incentive Fees,Myanmar Gems Enterprise,0.0
0,Myanma Gon Yi Gems Jewellery Kaung Myat Thukha Company Limited,Commercial Tax,Myanmar Gems Enterprise,0.0
0,Myanma Gon Yi Gems Jewellery Kaung Myat Thukha Company Limited,Corporate Income Tax,Internal Revenue Department,0.0
0,Myanma Gon Yi Gems Jewellery Kaung Myat Thukha Company Limited,Commercial Tax,Internal Revenue Department,0.0
0,Myanma Gon Yi Gems Jewellery Kaung Myat Thukha Company Limited,Customs Duties,Customs Department,0.0
0,Myanma Gon Yi Gems Jewellery Kaung Myat Thukha Company Limited,Sales Royalties,Internal Revenue Department,0.0
0,Kyaw Naing Brothers,Sale Split,Myanmar Gems Enterprise,0.0
0,Kyaw Naing Brothers,Sales Royalties,Myanmar Gems Enterprise,763924938.0
0,Kyaw Naing Brothers,Emporium Fees,Central Comittee,104055066.0
0,Kyaw Naing Brothers,Other significant payments,Myanmar Gems Enterprise,0.0
0,Kyaw Naing Brothers,Production Royalties,Myanmar Gems Enterprise,17270100.0
0,Kyaw Naing Brothers,Production Royalties,Department of Mines,0.0
0,Kyaw Naing Brothers,Permit Fees,Myanmar Gems Enterprise,73320000.0
0,Kyaw Naing Brothers,Incentive Fees,Myanmar Gems Enterprise,0.0
0,Kyaw Naing Brothers,Commercial Tax,Myanmar Gems Enterprise,0.0
0,Kyaw Naing Brothers,Corporate Income Tax,Internal Revenue Department,226222686.0
0,Kyaw Naing Brothers,Commercial Tax,Internal Revenue Department,565556716.0
0,Kyaw Naing Brothers,Customs Duties,Customs Department,0.0
0,Kyaw Naing Brothers,Sales Royalties,Internal Revenue Department,0.0
0,Kyay Sin Phyu,Sale Split,Myanmar Gems Enterprise,0.0
0,Kyay Sin Phyu,Sales Royalties,Myanmar Gems Enterprise,0.0
0,Kyay Sin Phyu,Emporium Fees,Central Comittee,0.0
0,Kyay Sin Phyu,Other significant payments,Myanmar Gems Enterprise,0.0
0,Kyay Sin Phyu,Production Royalties,Myanmar Gems Enterprise,0.0
0,Kyay Sin Phyu,Production Royalties,Department of Mines,0.0
0,Kyay Sin Phyu,Permit Fees,Myanmar Gems Enterprise,0.0
0,Kyay Sin Phyu,Incentive Fees,Myanmar Gems Enterprise,0.0
0,Kyay Sin Phyu,Commercial Tax,Myanmar Gems Enterprise,0.0
0,Kyay Sin Phyu,Corporate Income Tax,Internal Revenue Department,0.0
0,Kyay Sin Phyu,Commercial Tax,Internal Revenue Department,0.0
0,Kyay Sin Phyu,Customs Duties,Customs Department,0.0
0,Kyay Sin Phyu,Sales Royalties,Internal Revenue Department,0.0
0,HTOO JEWELLERY COLTD,Sale Split,Myanmar Gems Enterprise,546249433.32
0,HTOO JEWELLERY COLTD,Sales Royalties,Myanmar Gems Enterprise,538458900.98
0,HTOO JEWELLERY COLTD,Emporium Fees,Central Comittee,70027553.16
0,HTOO JEWELLERY COLTD,Other significant payments,Myanmar Gems Enterprise,0.0
0,HTOO JEWELLERY COLTD,Production Royalties,Myanmar Gems Enterprise,7131010.0
0,HTOO JEWELLERY COLTD,Production Royalties,Department of Mines,0.0
0,HTOO JEWELLERY COLTD,Permit Fees,Myanmar Gems Enterprise,0.0
0,HTOO JEWELLERY COLTD,Incentive Fees,Myanmar Gems Enterprise,13671675.16
0,HTOO JEWELLERY COLTD,Commercial Tax,Myanmar Gems Enterprise,0.0
0,HTOO JEWELLERY COLTD,Corporate Income Tax,Internal Revenue Department,0.0
0,HTOO JEWELLERY COLTD,Commercial Tax,Internal Revenue Department,0.0
0,HTOO JEWELLERY COLTD,Customs Duties,Customs Department,0.0
0,HTOO JEWELLERY COLTD,Sales Royalties,Internal Revenue Department,0.0
0,Ngwe Hein Htet Gems Jewellery,Sale Split,Myanmar Gems Enterprise,25299906.06
0,Ngwe Hein Htet Gems Jewellery,Sales Royalties,Myanmar Gems Enterprise,850116906.21
0,Ngwe Hein Htet Gems Jewellery,Emporium Fees,Central Comittee,109300331.14
0,Ngwe Hein Htet Gems Jewellery,Other significant payments,Myanmar Gems Enterprise,0.0
0,Ngwe Hein Htet Gems Jewellery,Production Royalties,Myanmar Gems Enterprise,12995360.0
0,Ngwe Hein Htet Gems Jewellery,Production Royalties,Department of Mines,0.0
0,Ngwe Hein Htet Gems Jewellery,Permit Fees,Myanmar Gems Enterprise,0.0
0,Ngwe Hein Htet Gems Jewellery,Incentive Fees,Myanmar Gems Enterprise,1303924.05
0,Ngwe Hein Htet Gems Jewellery,Commercial Tax,Myanmar Gems Enterprise,0.0
0,Ngwe Hein Htet Gems Jewellery,Corporate Income Tax,Internal Revenue Department,141310.0
0,Ngwe Hein Htet Gems Jewellery,Commercial Tax,Internal Revenue Department,0.0
0,Ngwe Hein Htet Gems Jewellery,Customs Duties,Customs Department,0.0
0,Ngwe Hein Htet Gems Jewellery,Sales Royalties,Internal Revenue Department,0.0
0,Lyan Shan Jewellery Co Ltd,Sale Split,Myanmar Gems Enterprise,1111178313.28
0,Lyan Shan Jewellery Co Ltd,Sales Royalties,Myanmar Gems Enterprise,216338007.6
0,Lyan Shan Jewellery Co Ltd,Emporium Fees,Central Comittee,33384367.26
0,Lyan Shan Jewellery Co Ltd,Other significant payments,Myanmar Gems Enterprise,0.0
0,Lyan Shan Jewellery Co Ltd,Production Royalties,Myanmar Gems Enterprise,17637250.0
0,Lyan Shan Jewellery Co Ltd,Production Royalties,Department of Mines,0.0
0,Lyan Shan Jewellery Co Ltd,Permit Fees,Myanmar Gems Enterprise,2000000.0
0,Lyan Shan Jewellery Co Ltd,Incentive Fees,Myanmar Gems Enterprise,24625897.01
0,Lyan Shan Jewellery Co Ltd,Commercial Tax,Myanmar Gems Enterprise,0.0
0,Lyan Shan Jewellery Co Ltd,Corporate Income Tax,Internal Revenue Department,0.0
0,Lyan Shan Jewellery Co Ltd,Commercial Tax,Internal Revenue Department,0.0
0,Lyan Shan Jewellery Co Ltd,Customs Duties,Customs Department,0.0
0,Lyan Shan Jewellery Co Ltd,Sales Royalties,Internal Revenue Department,0.0
0,Yadanar Pyi Phyo Aung Gems And Jewellery Co Ltd,Sale Split,Myanmar Gems Enterprise,0.0
0,Yadanar Pyi Phyo Aung Gems And Jewellery Co Ltd,Sales Royalties,Myanmar Gems Enterprise,813785928.67
0,Yadanar Pyi Phyo Aung Gems And Jewellery Co Ltd,Emporium Fees,Central Comittee,116317519.33
0,Yadanar Pyi Phyo Aung Gems And Jewellery Co Ltd,Other significant payments,Myanmar Gems Enterprise,0.0
0,Yadanar Pyi Phyo Aung Gems And Jewellery Co Ltd,Production Royalties,Myanmar Gems Enterprise,60703160.0
0,Yadanar Pyi Phyo Aung Gems And Jewellery Co Ltd,Production Royalties,Department of Mines,0.0
0,Yadanar Pyi Phyo Aung Gems And Jewellery Co Ltd,Permit Fees,Myanmar Gems Enterprise,1000000.0
0,Yadanar Pyi Phyo Aung Gems And Jewellery Co Ltd,Incentive Fees,Myanmar Gems Enterprise,0.0
0,Yadanar Pyi Phyo Aung Gems And Jewellery Co Ltd,Commercial Tax,Myanmar Gems Enterprise,0.0
0,Yadanar Pyi Phyo Aung Gems And Jewellery Co Ltd,Corporate Income Tax,Internal Revenue Department,60181772.0
0,Yadanar Pyi Phyo Aung Gems And Jewellery Co Ltd,Commercial Tax,Internal Revenue Department,229491435.0
0,Yadanar Pyi Phyo Aung Gems And Jewellery Co Ltd,Customs Duties,Customs Department,62597723.0
0,Yadanar Pyi Phyo Aung Gems And Jewellery Co Ltd,Sales Royalties,Internal Revenue Department,0.0
0,PAING PHYO THIHA GEMS,Sale Split,Myanmar Gems Enterprise,0.0
0,PAING PHYO THIHA GEMS,Sales Royalties,Myanmar Gems Enterprise,784875349.83
0,PAING PHYO THIHA GEMS,Emporium Fees,Central Comittee,100912383.0
0,PAING PHYO THIHA GEMS,Other significant payments,Myanmar Gems Enterprise,0.0
0,PAING PHYO THIHA GEMS,Production Royalties,Myanmar Gems Enterprise,0.0
0,PAING PHYO THIHA GEMS,Production Royalties,Department of Mines,0.0
0,PAING PHYO THIHA GEMS,Permit Fees,Myanmar Gems Enterprise,436000000.0
0,PAING PHYO THIHA GEMS,Incentive Fees,Myanmar Gems Enterprise,0.0
0,PAING PHYO THIHA GEMS,Commercial Tax,Myanmar Gems Enterprise,0.0
0,PAING PHYO THIHA GEMS,Corporate Income Tax,Internal Revenue Department,0.0
0,PAING PHYO THIHA GEMS,Commercial Tax,Internal Revenue Department,0.0
0,PAING PHYO THIHA GEMS,Customs Duties,Customs Department,12469227.0
0,PAING PHYO THIHA GEMS,Sales Royalties,Internal Revenue Department,0.0
0,EIGHTY THOUSAND GEMS JEWELLERY CoLtd,Sale Split,Myanmar Gems Enterprise,0.0
0,EIGHTY THOUSAND GEMS JEWELLERY CoLtd,Sales Royalties,Myanmar Gems Enterprise,712559848.0
0,EIGHTY THOUSAND GEMS JEWELLERY CoLtd,Emporium Fees,Central Comittee,111989207.6
0,EIGHTY THOUSAND GEMS JEWELLERY CoLtd,Other significant payments,Myanmar Gems Enterprise,0.0
0,EIGHTY THOUSAND GEMS JEWELLERY CoLtd,Production Royalties,Myanmar Gems Enterprise,0.0
0,EIGHTY THOUSAND GEMS JEWELLERY CoLtd,Production Royalties,Department of Mines,0.0
0,EIGHTY THOUSAND GEMS JEWELLERY CoLtd,Permit Fees,Myanmar Gems Enterprise,9000000.0
0,EIGHTY THOUSAND GEMS JEWELLERY CoLtd,Incentive Fees,Myanmar Gems Enterprise,0.0
0,EIGHTY THOUSAND GEMS JEWELLERY CoLtd,Commercial Tax,Myanmar Gems Enterprise,0.0
0,EIGHTY THOUSAND GEMS JEWELLERY CoLtd,Corporate Income Tax,Internal Revenue Department,4921818.0
0,EIGHTY THOUSAND GEMS JEWELLERY CoLtd,Commercial Tax,Internal Revenue Department,0.0
0,EIGHTY THOUSAND GEMS JEWELLERY CoLtd,Customs Duties,Customs Department,0.0
0,EIGHTY THOUSAND GEMS JEWELLERY CoLtd,Sales Royalties,Internal Revenue Department,0.0
0,Tun Naing Aung Gems,Sale Split,Myanmar Gems Enterprise,0.0
0,Tun Naing Aung Gems,Sales Royalties,Myanmar Gems Enterprise,816663380.39
0,Tun Naing Aung Gems,Emporium Fees,Central Comittee,104999271.52
0,Tun Naing Aung Gems,Other significant payments,Myanmar Gems Enterprise,0.0
0,Tun Naing Aung Gems,Production Royalties,Myanmar Gems Enterprise,0.0
0,Tun Naing Aung Gems,Production Royalties,Department of Mines,0.0
0,Tun Naing Aung Gems,Permit Fees,Myanmar Gems Enterprise,760000000.0
0,Tun Naing Aung Gems,Incentive Fees,Myanmar Gems Enterprise,0.0
0,Tun Naing Aung Gems,Commercial Tax,Myanmar Gems Enterprise,0.0
0,Tun Naing Aung Gems,Corporate Income Tax,Internal Revenue Department,3607785.0
0,Tun Naing Aung Gems,Commercial Tax,Internal Revenue Department,830592.0
0,Tun Naing Aung Gems,Customs Duties,Customs Department,13033200.0
0,Tun Naing Aung Gems,Sales Royalties,Internal Revenue Department,0.0
0,Thit Sar Pan U Kyaw Min Naing private,Sale Split,Myanmar Gems Enterprise,0.0
0,Thit Sar Pan U Kyaw Min Naing private,Sales Royalties,Myanmar Gems Enterprise,0.0
0,Thit Sar Pan U Kyaw Min Naing private,Emporium Fees,Central Comittee,0.0
0,Thit Sar Pan U Kyaw Min Naing private,Other significant payments,Myanmar Gems Enterprise,0.0
0,Thit Sar Pan U Kyaw Min Naing private,Production Royalties,Myanmar Gems Enterprise,0.0
0,Thit Sar Pan U Kyaw Min Naing private,Production Royalties,Department of Mines,0.0
0,Thit Sar Pan U Kyaw Min Naing private,Permit Fees,Myanmar Gems Enterprise,0.0
0,Thit Sar Pan U Kyaw Min Naing private,Incentive Fees,Myanmar Gems Enterprise,0.0
0,Thit Sar Pan U Kyaw Min Naing private,Commercial Tax,Myanmar Gems Enterprise,0.0
0,Thit Sar Pan U Kyaw Min Naing private,Corporate Income Tax,Internal Revenue Department,7560000.0
0,Thit Sar Pan U Kyaw Min Naing private,Commercial Tax,Internal Revenue Department,0.0
0,Thit Sar Pan U Kyaw Min Naing private,Customs Duties,Customs Department,0.0
0,Thit Sar Pan U Kyaw Min Naing private,Sales Royalties,Internal Revenue Department,0.0
0,Chaow Brothers Gemstone,Sale Split,Myanmar Gems Enterprise,775711346.41
0,Chaow Brothers Gemstone,Sales Royalties,Myanmar Gems Enterprise,176134312.64
0,Chaow Brothers Gemstone,Emporium Fees,Central Comittee,27687790.25
0,Chaow Brothers Gemstone,Other significant payments,Myanmar Gems Enterprise,0.0
0,Chaow Brothers Gemstone,Production Royalties,Myanmar Gems Enterprise,4521630.0
0,Chaow Brothers Gemstone,Production Royalties,Department of Mines,0.0
0,Chaow Brothers Gemstone,Permit Fees,Myanmar Gems Enterprise,830000000.0
0,Chaow Brothers Gemstone,Incentive Fees,Myanmar Gems Enterprise,19788149.81
0,Chaow Brothers Gemstone,Commercial Tax,Myanmar Gems Enterprise,0.0
0,Chaow Brothers Gemstone,Corporate Income Tax,Internal Revenue Department,1501565.0
0,Chaow Brothers Gemstone,Commercial Tax,Internal Revenue Department,0.0
0,Chaow Brothers Gemstone,Customs Duties,Customs Department,0.0
0,Chaow Brothers Gemstone,Sales Royalties,Internal Revenue Department,0.0
0,Mann Ayer Family CoLtd,Sale Split,Myanmar Gems Enterprise,0.0
0,Mann Ayer Family CoLtd,Sales Royalties,Myanmar Gems Enterprise,688131744.3
0,Mann Ayer Family CoLtd,Emporium Fees,Central Comittee,88474081.41
0,Mann Ayer Family CoLtd,Other significant payments,Myanmar Gems Enterprise,0.0
0,Mann Ayer Family CoLtd,Production Royalties,Myanmar Gems Enterprise,0.0
0,Mann Ayer Family CoLtd,Production Royalties,Department of Mines,0.0
0,Mann Ayer Family CoLtd,Permit Fees,Myanmar Gems Enterprise,0.0
0,Mann Ayer Family CoLtd,Incentive Fees,Myanmar Gems Enterprise,0.0
0,Mann Ayer Family CoLtd,Commercial Tax,Myanmar Gems Enterprise,0.0
0,Mann Ayer Family CoLtd,Corporate Income Tax,Internal Revenue Department,0.0
0,Mann Ayer Family CoLtd,Commercial Tax,Internal Revenue Department,0.0
0,Mann Ayer Family CoLtd,Customs Duties,Customs Department,0.0
0,Mann Ayer Family CoLtd,Sales Royalties,Internal Revenue Department,0.0
0,111 Gems Jewellery,Sale Split,Myanmar Gems Enterprise,745709312.78
0,111 Gems Jewellery,Sales Royalties,Myanmar Gems Enterprise,385825457.16
0,111 Gems Jewellery,Emporium Fees,Central Comittee,252835313.25
0,111 Gems Jewellery,Other significant payments,Myanmar Gems Enterprise,0.0
0,111 Gems Jewellery,Production Royalties,Myanmar Gems Enterprise,29892780.0
0,111 Gems Jewellery,Production Royalties,Department of Mines,0.0
0,111 Gems Jewellery,Permit Fees,Myanmar Gems Enterprise,0.0
0,111 Gems Jewellery,Incentive Fees,Myanmar Gems Enterprise,16608338.89
0,111 Gems Jewellery,Commercial Tax,Myanmar Gems Enterprise,0.0
0,111 Gems Jewellery,Corporate Income Tax,Internal Revenue Department,3104514.0
0,111 Gems Jewellery,Commercial Tax,Internal Revenue Department,0.0
0,111 Gems Jewellery,Customs Duties,Customs Department,0.0
0,111 Gems Jewellery,Sales Royalties,Internal Revenue Department,0.0
0,Oo Ya Gems Jewellery CoLtd,Sale Split,Myanmar Gems Enterprise,721390255.58
0,Oo Ya Gems Jewellery CoLtd,Sales Royalties,Myanmar Gems Enterprise,193998702.04
0,Oo Ya Gems Jewellery CoLtd,Emporium Fees,Central Comittee,30395412.34
0,Oo Ya Gems Jewellery CoLtd,Other significant payments,Myanmar Gems Enterprise,0.0
0,Oo Ya Gems Jewellery CoLtd,Production Royalties,Myanmar Gems Enterprise,0.0
0,Oo Ya Gems Jewellery CoLtd,Production Royalties,Department of Mines,0.0
0,Oo Ya Gems Jewellery CoLtd,Permit Fees,Myanmar Gems Enterprise,0.0
0,Oo Ya Gems Jewellery CoLtd,Incentive Fees,Myanmar Gems Enterprise,16603299.57
0,Oo Ya Gems Jewellery CoLtd,Commercial Tax,Myanmar Gems Enterprise,0.0
0,Oo Ya Gems Jewellery CoLtd,Corporate Income Tax,Internal Revenue Department,1892260.0
0,Oo Ya Gems Jewellery CoLtd,Commercial Tax,Internal Revenue Department,0.0
0,Oo Ya Gems Jewellery CoLtd,Customs Duties,Customs Department,0.0
0,Oo Ya Gems Jewellery CoLtd,Sales Royalties,Internal Revenue Department,0.0
0,Yaza Htarne,Sale Split,Myanmar Gems Enterprise,0.0
0,Yaza Htarne,Sales Royalties,Myanmar Gems Enterprise,0.0
0,Yaza Htarne,Emporium Fees,Central Comittee,0.0
0,Yaza Htarne,Other significant payments,Myanmar Gems Enterprise,0.0
0,Yaza Htarne,Production Royalties,Myanmar Gems Enterprise,0.0
0,Yaza Htarne,Production Royalties,Department of Mines,0.0
0,Yaza Htarne,Permit Fees,Myanmar Gems Enterprise,0.0
0,Yaza Htarne,Incentive Fees,Myanmar Gems Enterprise,0.0
0,Yaza Htarne,Commercial Tax,Myanmar Gems Enterprise,0.0
0,Yaza Htarne,Corporate Income Tax,Internal Revenue Department,0.0
0,Yaza Htarne,Commercial Tax,Internal Revenue Department,0.0
0,Yaza Htarne,Customs Duties,Customs Department,0.0
0,Yaza Htarne,Sales Royalties,Internal Revenue Department,0.0
0,Myanmar Economics Corporation,Sale Split,Myanmar Gems Enterprise,0.0
0,Myanmar Economics Corporation,Sales Royalties,Myanmar Gems Enterprise,526887362.43
0,Myanmar Economics Corporation,Emporium Fees,Central Comittee,56684791.02
0,Myanmar Economics Corporation,Other significant payments,Myanmar Gems Enterprise,0.0
0,Myanmar Economics Corporation,Production Royalties,Myanmar Gems Enterprise,0.0
0,Myanmar Economics Corporation,Production Royalties,Department of Mines,0.0
0,Myanmar Economics Corporation,Permit Fees,Myanmar Gems Enterprise,14000000.0
0,Myanmar Economics Corporation,Incentive Fees,Myanmar Gems Enterprise,0.0
0,Myanmar Economics Corporation,Commercial Tax,Myanmar Gems Enterprise,0.0
0,Myanmar Economics Corporation,Corporate Income Tax,Internal Revenue Department,0.0
0,Myanmar Economics Corporation,Commercial Tax,Internal Revenue Department,0.0
0,Myanmar Economics Corporation,Customs Duties,Customs Department,0.0
0,Myanmar Economics Corporation,Sales Royalties,Internal Revenue Department,0.0
0,Pang Huke Duwa Co Ltd,Sale Split,Myanmar Gems Enterprise,771769667.2
0,Pang Huke Duwa Co Ltd,Sales Royalties,Myanmar Gems Enterprise,142208350.57
0,Pang Huke Duwa Co Ltd,Emporium Fees,Central Comittee,52329965.03
0,Pang Huke Duwa Co Ltd,Other significant payments,Myanmar Gems Enterprise,0.0
0,Pang Huke Duwa Co Ltd,Production Royalties,Myanmar Gems Enterprise,46925540.0
0,Pang Huke Duwa Co Ltd,Production Royalties,Department of Mines,0.0
0,Pang Huke Duwa Co Ltd,Permit Fees,Myanmar Gems Enterprise,0.0
0,Pang Huke Duwa Co Ltd,Incentive Fees,Myanmar Gems Enterprise,17255891.51
0,Pang Huke Duwa Co Ltd,Commercial Tax,Myanmar Gems Enterprise,0.0
0,Pang Huke Duwa Co Ltd,Corporate Income Tax,Internal Revenue Department,0.0
0,Pang Huke Duwa Co Ltd,Commercial Tax,Internal Revenue Department,0.0
0,Pang Huke Duwa Co Ltd,Customs Duties,Customs Department,0.0
0,Pang Huke Duwa Co Ltd,Sales Royalties,Internal Revenue Department,0.0
0,Khun PaOh Gems Jewellery,Sale Split,Myanmar Gems Enterprise,2135148809.14
0,Khun PaOh Gems Jewellery,Sales Royalties,Myanmar Gems Enterprise,355576938.86
0,Khun PaOh Gems Jewellery,Emporium Fees,Central Comittee,73537723.04
0,Khun PaOh Gems Jewellery,Other significant payments,Myanmar Gems Enterprise,0.0
0,Khun PaOh Gems Jewellery,Production Royalties,Myanmar Gems Enterprise,50772600.0
0,Khun PaOh Gems Jewellery,Production Royalties,Department of Mines,0.0
0,Khun PaOh Gems Jewellery,Permit Fees,Myanmar Gems Enterprise,1000000.0
0,Khun PaOh Gems Jewellery,Incentive Fees,Myanmar Gems Enterprise,44886483.07
0,Khun PaOh Gems Jewellery,Commercial Tax,Myanmar Gems Enterprise,0.0
0,Khun PaOh Gems Jewellery,Corporate Income Tax,Internal Revenue Department,2312246.0
0,Khun PaOh Gems Jewellery,Commercial Tax,Internal Revenue Department,0.0
0,Khun PaOh Gems Jewellery,Customs Duties,Customs Department,0.0
0,Khun PaOh Gems Jewellery,Sales Royalties,Internal Revenue Department,0.0
0,Kachin National Development,Sale Split,Myanmar Gems Enterprise,763668300.81
0,Kachin National Development,Sales Royalties,Myanmar Gems Enterprise,146432560.56
0,Kachin National Development,Emporium Fees,Central Comittee,20810229.52
0,Kachin National Development,Other significant payments,Myanmar Gems Enterprise,0.0
0,Kachin National Development,Production Royalties,Myanmar Gems Enterprise,42842100.0
0,Kachin National Development,Production Royalties,Department of Mines,0.0
0,Kachin National Development,Permit Fees,Myanmar Gems Enterprise,334800000.0
0,Kachin National Development,Incentive Fees,Myanmar Gems Enterprise,18826899.52
0,Kachin National Development,Commercial Tax,Myanmar Gems Enterprise,0.0
0,Kachin National Development,Corporate Income Tax,Internal Revenue Department,0.0
0,Kachin National Development,Commercial Tax,Internal Revenue Department,0.0
0,Kachin National Development,Customs Duties,Customs Department,0.0
0,Kachin National Development,Sales Royalties,Internal Revenue Department,0.0
0,Silver Elephant Gems,Sale Split,Myanmar Gems Enterprise,1697009907.45
0,Silver Elephant Gems,Sales Royalties,Myanmar Gems Enterprise,336708464.95
0,Silver Elephant Gems,Emporium Fees,Central Comittee,45026324.2
0,Silver Elephant Gems,Other significant payments,Myanmar Gems Enterprise,0.0
0,Silver Elephant Gems,Production Royalties,Myanmar Gems Enterprise,10938660.0
0,Silver Elephant Gems,Production Royalties,Department of Mines,0.0
0,Silver Elephant Gems,Permit Fees,Myanmar Gems Enterprise,0.0
0,Silver Elephant Gems,Incentive Fees,Myanmar Gems Enterprise,43291538.29
0,Silver Elephant Gems,Commercial Tax,Myanmar Gems Enterprise,0.0
0,Silver Elephant Gems,Corporate Income Tax,Internal Revenue Department,1490871.0
0,Silver Elephant Gems,Commercial Tax,Internal Revenue Department,0.0
0,Silver Elephant Gems,Customs Duties,Customs Department,0.0
0,Silver Elephant Gems,Sales Royalties,Internal Revenue Department,0.0
0,Myo Nwe Gems Jewellery,Sale Split,Myanmar Gems Enterprise,1233234850.41
0,Myo Nwe Gems Jewellery,Sales Royalties,Myanmar Gems Enterprise,739420683.43
0,Myo Nwe Gems Jewellery,Emporium Fees,Central Comittee,172161399.63
0,Myo Nwe Gems Jewellery,Other significant payments,Myanmar Gems Enterprise,0.0
0,Myo Nwe Gems Jewellery,Production Royalties,Myanmar Gems Enterprise,57966900.0
0,Myo Nwe Gems Jewellery,Production Royalties,Department of Mines,0.0
0,Myo Nwe Gems Jewellery,Permit Fees,Myanmar Gems Enterprise,141124000.0
0,Myo Nwe Gems Jewellery,Incentive Fees,Myanmar Gems Enterprise,25718169.62
0,Myo Nwe Gems Jewellery,Commercial Tax,Myanmar Gems Enterprise,0.0
0,Myo Nwe Gems Jewellery,Corporate Income Tax,Internal Revenue Department,300000.0
0,Myo Nwe Gems Jewellery,Commercial Tax,Internal Revenue Department,0.0
0,Myo Nwe Gems Jewellery,Customs Duties,Customs Department,14579862.0
0,Myo Nwe Gems Jewellery,Sales Royalties,Internal Revenue Department,0.0
0,Shining Star Light Gems Jewellery,Sale Split,Myanmar Gems Enterprise,867775672.53
0,Shining Star Light Gems Jewellery,Sales Royalties,Myanmar Gems Enterprise,763780756.31
0,Shining Star Light Gems Jewellery,Emporium Fees,Central Comittee,117094865.9
0,Shining Star Light Gems Jewellery,Other significant payments,Myanmar Gems Enterprise,0.0
0,Shining Star Light Gems Jewellery,Production Royalties,Myanmar Gems Enterprise,50024100.0
0,Shining Star Light Gems Jewellery,Production Royalties,Department of Mines,0.0
0,Shining Star Light Gems Jewellery,Permit Fees,Myanmar Gems Enterprise,22000000.0
0,Shining Star Light Gems Jewellery,Incentive Fees,Myanmar Gems Enterprise,17206758.14
0,Shining Star Light Gems Jewellery,Commercial Tax,Myanmar Gems Enterprise,0.0
0,Shining Star Light Gems Jewellery,Corporate Income Tax,Internal Revenue Department,5524723.0
0,Shining Star Light Gems Jewellery,Commercial Tax,Internal Revenue Department,0.0
0,Shining Star Light Gems Jewellery,Customs Duties,Customs Department,0.0
0,Shining Star Light Gems Jewellery,Sales Royalties,Internal Revenue Department,0.0
0,Myanma Seinn Lei Aung Gems,Sale Split,Myanmar Gems Enterprise,1286246813.29
0,Myanma Seinn Lei Aung Gems,Sales Royalties,Myanmar Gems Enterprise,256783589.92
0,Myanma Seinn Lei Aung Gems,Emporium Fees,Central Comittee,36873063.98
0,Myanma Seinn Lei Aung Gems,Other significant payments,Myanmar Gems Enterprise,0.0
0,Myanma Seinn Lei Aung Gems,Production Royalties,Myanmar Gems Enterprise,15834030.0
0,Myanma Seinn Lei Aung Gems,Production Royalties,Department of Mines,0.0
0,Myanma Seinn Lei Aung Gems,Permit Fees,Myanmar Gems Enterprise,1057160000.0
0,Myanma Seinn Lei Aung Gems,Incentive Fees,Myanmar Gems Enterprise,31895116.11
0,Myanma Seinn Lei Aung Gems,Commercial Tax,Myanmar Gems Enterprise,0.0
0,Myanma Seinn Lei Aung Gems,Corporate Income Tax,Internal Revenue Department,0.0
0,Myanma Seinn Lei Aung Gems,Commercial Tax,Internal Revenue Department,0.0
0,Myanma Seinn Lei Aung Gems,Customs Duties,Customs Department,0.0
0,Myanma Seinn Lei Aung Gems,Sales Royalties,Internal Revenue Department,0.0
0,Myanmar Naing Group,Sale Split,Myanmar Gems Enterprise,1268880117.11
0,Myanmar Naing Group,Sales Royalties,Myanmar Gems Enterprise,215899586.76
0,Myanmar Naing Group,Emporium Fees,Central Comittee,41734109.22
0,Myanmar Naing Group,Other significant payments,Myanmar Gems Enterprise,0.0
0,Myanmar Naing Group,Production Royalties,Myanmar Gems Enterprise,0.0
0,Myanmar Naing Group,Production Royalties,Department of Mines,0.0
0,Myanmar Naing Group,Permit Fees,Myanmar Gems Enterprise,0.0
0,Myanmar Naing Group,Incentive Fees,Myanmar Gems Enterprise,27759094.22
0,Myanmar Naing Group,Commercial Tax,Myanmar Gems Enterprise,0.0
0,Myanmar Naing Group,Corporate Income Tax,Internal Revenue Department,0.0
0,Myanmar Naing Group,Commercial Tax,Internal Revenue Department,0.0
0,Myanmar Naing Group,Customs Duties,Customs Department,0.0
0,Myanmar Naing Group,Sales Royalties,Internal Revenue Department,0.0
0,Pho Thar Htoo Gems Co Ltd,Sale Split,Myanmar Gems Enterprise,1202794090.52
0,Pho Thar Htoo Gems Co Ltd,Sales Royalties,Myanmar Gems Enterprise,254058577.63
0,Pho Thar Htoo Gems Co Ltd,Emporium Fees,Central Comittee,34708845.24
0,Pho Thar Htoo Gems Co Ltd,Other significant payments,Myanmar Gems Enterprise,0.0
0,Pho Thar Htoo Gems Co Ltd,Production Royalties,Myanmar Gems Enterprise,0.0
0,Pho Thar Htoo Gems Co Ltd,Production Royalties,Department of Mines,0.0
0,Pho Thar Htoo Gems Co Ltd,Permit Fees,Myanmar Gems Enterprise,0.0
0,Pho Thar Htoo Gems Co Ltd,Incentive Fees,Myanmar Gems Enterprise,30009150.6
0,Pho Thar Htoo Gems Co Ltd,Commercial Tax,Myanmar Gems Enterprise,0.0
0,Pho Thar Htoo Gems Co Ltd,Corporate Income Tax,Internal Revenue Department,5056.0
0,Pho Thar Htoo Gems Co Ltd,Commercial Tax,Internal Revenue Department,0.0
0,Pho Thar Htoo Gems Co Ltd,Customs Duties,Customs Department,0.0
0,Pho Thar Htoo Gems Co Ltd,Sales Royalties,Internal Revenue Department,0.0
0,RUBY DRAGON JADE GEMS CoLtd,Sale Split,Myanmar Gems Enterprise,1181037712.14
0,RUBY DRAGON JADE GEMS CoLtd,Sales Royalties,Myanmar Gems Enterprise,232317691.32
0,RUBY DRAGON JADE GEMS CoLtd,Emporium Fees,Central Comittee,4479955.48
0,RUBY DRAGON JADE GEMS CoLtd,Other significant payments,Myanmar Gems Enterprise,0.0
0,RUBY DRAGON JADE GEMS CoLtd,Production Royalties,Myanmar Gems Enterprise,2582400.0
0,RUBY DRAGON JADE GEMS CoLtd,Production Royalties,Department of Mines,0.0
0,RUBY DRAGON JADE GEMS CoLtd,Permit Fees,Myanmar Gems Enterprise,1296400000.0
0,RUBY DRAGON JADE GEMS CoLtd,Incentive Fees,Myanmar Gems Enterprise,29869309.47
0,RUBY DRAGON JADE GEMS CoLtd,Commercial Tax,Myanmar Gems Enterprise,0.0
0,RUBY DRAGON JADE GEMS CoLtd,Corporate Income Tax,Internal Revenue Department,6563711.0
0,RUBY DRAGON JADE GEMS CoLtd,Commercial Tax,Internal Revenue Department,0.0
0,RUBY DRAGON JADE GEMS CoLtd,Customs Duties,Customs Department,0.0
0,RUBY DRAGON JADE GEMS CoLtd,Sales Royalties,Internal Revenue Department,0.0
0,Thi Raw Mani Gems Jewellery,Sale Split,Myanmar Gems Enterprise,1250820814.92
0,Thi Raw Mani Gems Jewellery,Sales Royalties,Myanmar Gems Enterprise,231946041.47
0,Thi Raw Mani Gems Jewellery,Emporium Fees,Central Comittee,44650579.07
0,Thi Raw Mani Gems Jewellery,Other significant payments,Myanmar Gems Enterprise,0.0
0,Thi Raw Mani Gems Jewellery,Production Royalties,Myanmar Gems Enterprise,21517380.0
0,Thi Raw Mani Gems Jewellery,Production Royalties,Department of Mines,0.0
0,Thi Raw Mani Gems Jewellery,Permit Fees,Myanmar Gems Enterprise,116800000.0
0,Thi Raw Mani Gems Jewellery,Incentive Fees,Myanmar Gems Enterprise,28536409.33
0,Thi Raw Mani Gems Jewellery,Commercial Tax,Myanmar Gems Enterprise,0.0
0,Thi Raw Mani Gems Jewellery,Corporate Income Tax,Internal Revenue Department,0.0
0,Thi Raw Mani Gems Jewellery,Commercial Tax,Internal Revenue Department,0.0
0,Thi Raw Mani Gems Jewellery,Customs Duties,Customs Department,0.0
0,Thi Raw Mani Gems Jewellery,Sales Royalties,Internal Revenue Department,0.0
0,Kan Par Ni Gems Jewellery CoLtd,Sale Split,Myanmar Gems Enterprise,0.0
0,Kan Par Ni Gems Jewellery CoLtd,Sales Royalties,Myanmar Gems Enterprise,0.0
0,Kan Par Ni Gems Jewellery CoLtd,Emporium Fees,Central Comittee,40632203.0
0,Kan Par Ni Gems Jewellery CoLtd,Other significant payments,Myanmar Gems Enterprise,0.0
0,Kan Par Ni Gems Jewellery CoLtd,Production Royalties,Myanmar Gems Enterprise,0.0
0,Kan Par Ni Gems Jewellery CoLtd,Production Royalties,Department of Mines,0.0
0,Kan Par Ni Gems Jewellery CoLtd,Permit Fees,Myanmar Gems Enterprise,536000000.0
0,Kan Par Ni Gems Jewellery CoLtd,Incentive Fees,Myanmar Gems Enterprise,0.0
0,Kan Par Ni Gems Jewellery CoLtd,Commercial Tax,Myanmar Gems Enterprise,0.0
0,Kan Par Ni Gems Jewellery CoLtd,Corporate Income Tax,Internal Revenue Department,0.0
0,Kan Par Ni Gems Jewellery CoLtd,Commercial Tax,Internal Revenue Department,0.0
0,Kan Par Ni Gems Jewellery CoLtd,Customs Duties,Customs Department,45698036.0
0,Kan Par Ni Gems Jewellery CoLtd,Sales Royalties,Internal Revenue Department,0.0
0,Golden Grate Wall Gems Co Ltd,Sale Split,Myanmar Gems Enterprise,0.0
0,Golden Grate Wall Gems Co Ltd,Sales Royalties,Myanmar Gems Enterprise,201862560.9
0,Golden Grate Wall Gems Co Ltd,Emporium Fees,Central Comittee,30100220.83
0,Golden Grate Wall Gems Co Ltd,Other significant payments,Myanmar Gems Enterprise,0.0
0,Golden Grate Wall Gems Co Ltd,Production Royalties,Myanmar Gems Enterprise,17336080.0
0,Golden Grate Wall Gems Co Ltd,Production Royalties,Department of Mines,0.0
0,Golden Grate Wall Gems Co Ltd,Permit Fees,Myanmar Gems Enterprise,0.0
0,Golden Grate Wall Gems Co Ltd,Incentive Fees,Myanmar Gems Enterprise,0.0
0,Golden Grate Wall Gems Co Ltd,Commercial Tax,Myanmar Gems Enterprise,0.0
0,Golden Grate Wall Gems Co Ltd,Corporate Income Tax,Internal Revenue Department,0.0
0,Golden Grate Wall Gems Co Ltd,Commercial Tax,Internal Revenue Department,0.0
0,Golden Grate Wall Gems Co Ltd,Customs Duties,Customs Department,0.0
0,Golden Grate Wall Gems Co Ltd,Sales Royalties,Internal Revenue Department,0.0
0,Kyauk Gyi Gone Gems Jewellery Co Ltd,Sale Split,Myanmar Gems Enterprise,0.0
0,Kyauk Gyi Gone Gems Jewellery Co Ltd,Sales Royalties,Myanmar Gems Enterprise,326913286.7
0,Kyauk Gyi Gone Gems Jewellery Co Ltd,Emporium Fees,Central Comittee,134470695.29
0,Kyauk Gyi Gone Gems Jewellery Co Ltd,Other significant payments,Myanmar Gems Enterprise,0.0
0,Kyauk Gyi Gone Gems Jewellery Co Ltd,Production Royalties,Myanmar Gems Enterprise,0.0
0,Kyauk Gyi Gone Gems Jewellery Co Ltd,Production Royalties,Department of Mines,0.0
0,Kyauk Gyi Gone Gems Jewellery Co Ltd,Permit Fees,Myanmar Gems Enterprise,0.0
0,Kyauk Gyi Gone Gems Jewellery Co Ltd,Incentive Fees,Myanmar Gems Enterprise,0.0
0,Kyauk Gyi Gone Gems Jewellery Co Ltd,Commercial Tax,Myanmar Gems Enterprise,0.0
0,Kyauk Gyi Gone Gems Jewellery Co Ltd,Corporate Income Tax,Internal Revenue Department,37731710.0
0,Kyauk Gyi Gone Gems Jewellery Co Ltd,Commercial Tax,Internal Revenue Department,96886662.0
0,Kyauk Gyi Gone Gems Jewellery Co Ltd,Customs Duties,Customs Department,51147800.0
0,Kyauk Gyi Gone Gems Jewellery Co Ltd,Sales Royalties,Internal Revenue Department,0.0
0,Phar Kant Yar Zar Gems Jewellery CoLtd,Sale Split,Myanmar Gems Enterprise,0.0
0,Phar Kant Yar Zar Gems Jewellery CoLtd,Sales Royalties,Myanmar Gems Enterprise,101425133.81
0,Phar Kant Yar Zar Gems Jewellery CoLtd,Emporium Fees,Central Comittee,84233713.33
0,Phar Kant Yar Zar Gems Jewellery CoLtd,Other significant payments,Myanmar Gems Enterprise,0.0
0,Phar Kant Yar Zar Gems Jewellery CoLtd,Production Royalties,Myanmar Gems Enterprise,0.0
0,Phar Kant Yar Zar Gems Jewellery CoLtd,Production Royalties,Department of Mines,0.0
0,Phar Kant Yar Zar Gems Jewellery CoLtd,Permit Fees,Myanmar Gems Enterprise,0.0
0,Phar Kant Yar Zar Gems Jewellery CoLtd,Incentive Fees,Myanmar Gems Enterprise,0.0
0,Phar Kant Yar Zar Gems Jewellery CoLtd,Commercial Tax,Myanmar Gems Enterprise,0.0
0,Phar Kant Yar Zar Gems Jewellery CoLtd,Corporate Income Tax,Internal Revenue Department,0.0
0,Phar Kant Yar Zar Gems Jewellery CoLtd,Commercial Tax,Internal Revenue Department,0.0
0,Phar Kant Yar Zar Gems Jewellery CoLtd,Customs Duties,Customs Department,24654450.0
0,Phar Kant Yar Zar Gems Jewellery CoLtd,Sales Royalties,Internal Revenue Department,0.0
0,Zwe Htet Lwin Gems Jewellery CoLtd,Sale Split,Myanmar Gems Enterprise,0.0
0,Zwe Htet Lwin Gems Jewellery CoLtd,Sales Royalties,Myanmar Gems Enterprise,296313275.83
0,Zwe Htet Lwin Gems Jewellery CoLtd,Emporium Fees,Central Comittee,62841094.2
0,Zwe Htet Lwin Gems Jewellery CoLtd,Other significant payments,Myanmar Gems Enterprise,0.0
0,Zwe Htet Lwin Gems Jewellery CoLtd,Production Royalties,Myanmar Gems Enterprise,0.0
0,Zwe Htet Lwin Gems Jewellery CoLtd,Production Royalties,Department of Mines,0.0
0,Zwe Htet Lwin Gems Jewellery CoLtd,Permit Fees,Myanmar Gems Enterprise,0.0
0,Zwe Htet Lwin Gems Jewellery CoLtd,Incentive Fees,Myanmar Gems Enterprise,0.0
0,Zwe Htet Lwin Gems Jewellery CoLtd,Commercial Tax,Myanmar Gems Enterprise,0.0
0,Zwe Htet Lwin Gems Jewellery CoLtd,Corporate Income Tax,Internal Revenue Department,0.0
0,Zwe Htet Lwin Gems Jewellery CoLtd,Commercial Tax,Internal Revenue Department,0.0
0,Zwe Htet Lwin Gems Jewellery CoLtd,Customs Duties,Customs Department,0.0
0,Zwe Htet Lwin Gems Jewellery CoLtd,Sales Royalties,Internal Revenue Department,0.0
0,Lin Yaung Phyar Gems CoLtd,Sale Split,Myanmar Gems Enterprise,0.0
0,Lin Yaung Phyar Gems CoLtd,Sales Royalties,Myanmar Gems Enterprise,268144736.86
0,Lin Yaung Phyar Gems CoLtd,Emporium Fees,Central Comittee,95552003.95
0,Lin Yaung Phyar Gems CoLtd,Other significant payments,Myanmar Gems Enterprise,0.0
0,Lin Yaung Phyar Gems CoLtd,Production Royalties,Myanmar Gems Enterprise,0.0
0,Lin Yaung Phyar Gems CoLtd,Production Royalties,Department of Mines,0.0
0,Lin Yaung Phyar Gems CoLtd,Permit Fees,Myanmar Gems Enterprise,0.0
0,Lin Yaung Phyar Gems CoLtd,Incentive Fees,Myanmar Gems Enterprise,0.0
0,Lin Yaung Phyar Gems CoLtd,Commercial Tax,Myanmar Gems Enterprise,0.0
0,Lin Yaung Phyar Gems CoLtd,Corporate Income Tax,Internal Revenue Department,0.0
0,Lin Yaung Phyar Gems CoLtd,Commercial Tax,Internal Revenue Department,0.0
0,Lin Yaung Phyar Gems CoLtd,Customs Duties,Customs Department,54357578.0
0,Lin Yaung Phyar Gems CoLtd,Sales Royalties,Internal Revenue Department,0.0
0,Kaung Wai Yan Gems CoLtd,Sale Split,Myanmar Gems Enterprise,0.0
0,Kaung Wai Yan Gems CoLtd,Sales Royalties,Myanmar Gems Enterprise,17977774.1
0,Kaung Wai Yan Gems CoLtd,Emporium Fees,Central Comittee,2462058.05
0,Kaung Wai Yan Gems CoLtd,Other significant payments,Myanmar Gems Enterprise,0.0
0,Kaung Wai Yan Gems CoLtd,Production Royalties,Myanmar Gems Enterprise,906720.0
0,Kaung Wai Yan Gems CoLtd,Production Royalties,Department of Mines,0.0
0,Kaung Wai Yan Gems CoLtd,Permit Fees,Myanmar Gems Enterprise,0.0
0,Kaung Wai Yan Gems CoLtd,Incentive Fees,Myanmar Gems Enterprise,0.0
0,Kaung Wai Yan Gems CoLtd,Commercial Tax,Myanmar Gems Enterprise,0.0
0,Kaung Wai Yan Gems CoLtd,Corporate Income Tax,Internal Revenue Department,4175482.0
0,Kaung Wai Yan Gems CoLtd,Commercial Tax,Internal Revenue Department,0.0
0,Kaung Wai Yan Gems CoLtd,Customs Duties,Customs Department,0.0
0,Kaung Wai Yan Gems CoLtd,Sales Royalties,Internal Revenue Department,0.0
0,Yadanar San Shwin Gems Co Ltd,Sale Split,Myanmar Gems Enterprise,0.0
0,Yadanar San Shwin Gems Co Ltd,Sales Royalties,Myanmar Gems Enterprise,289812553.03
0,Yadanar San Shwin Gems Co Ltd,Emporium Fees,Central Comittee,44880582.91
0,Yadanar San Shwin Gems Co Ltd,Other significant payments,Myanmar Gems Enterprise,0.0
0,Yadanar San Shwin Gems Co Ltd,Production Royalties,Myanmar Gems Enterprise,0.0
0,Yadanar San Shwin Gems Co Ltd,Production Royalties,Department of Mines,0.0
0,Yadanar San Shwin Gems Co Ltd,Permit Fees,Myanmar Gems Enterprise,482000000.0
0,Yadanar San Shwin Gems Co Ltd,Incentive Fees,Myanmar Gems Enterprise,0.0
0,Yadanar San Shwin Gems Co Ltd,Commercial Tax,Myanmar Gems Enterprise,0.0
0,Yadanar San Shwin Gems Co Ltd,Corporate Income Tax,Internal Revenue Department,1317158.0
0,Yadanar San Shwin Gems Co Ltd,Commercial Tax,Internal Revenue Department,0.0
0,Yadanar San Shwin Gems Co Ltd,Customs Duties,Customs Department,0.0
0,Yadanar San Shwin Gems Co Ltd,Sales Royalties,Internal Revenue Department,0.0
0,SHWE BYAIN PHYU CO,Sale Split,Myanmar Gems Enterprise,267781640.6
0,SHWE BYAIN PHYU CO,Sales Royalties,Myanmar Gems Enterprise,103565584.98
0,SHWE BYAIN PHYU CO,Emporium Fees,Central Comittee,21883934.27
0,SHWE BYAIN PHYU CO,Other significant payments,Myanmar Gems Enterprise,0.0
0,SHWE BYAIN PHYU CO,Production Royalties,Myanmar Gems Enterprise,50985120.0
0,SHWE BYAIN PHYU CO,Production Royalties,Department of Mines,0.0
0,SHWE BYAIN PHYU CO,Permit Fees,Myanmar Gems Enterprise,0.0
0,SHWE BYAIN PHYU CO,Incentive Fees,Myanmar Gems Enterprise,5358056.99
0,SHWE BYAIN PHYU CO,Commercial Tax,Myanmar Gems Enterprise,0.0
0,SHWE BYAIN PHYU CO,Corporate Income Tax,Internal Revenue Department,1054710.0
0,SHWE BYAIN PHYU CO,Commercial Tax,Internal Revenue Department,0.0
0,SHWE BYAIN PHYU CO,Customs Duties,Customs Department,1760298064.0
0,SHWE BYAIN PHYU CO,Sales Royalties,Internal Revenue Department,86895514.42
0,NILAR YOMA TRADING,Sale Split,Myanmar Gems Enterprise,0.0
0,NILAR YOMA TRADING,Sales Royalties,Myanmar Gems Enterprise,23909053.74
0,NILAR YOMA TRADING,Emporium Fees,Central Comittee,461097.78
0,NILAR YOMA TRADING,Other significant payments,Myanmar Gems Enterprise,0.0
0,NILAR YOMA TRADING,Production Royalties,Myanmar Gems Enterprise,1414700.0
0,NILAR YOMA TRADING,Production Royalties,Department of Mines,0.0
0,NILAR YOMA TRADING,Permit Fees,Myanmar Gems Enterprise,7030000.0
0,NILAR YOMA TRADING,Incentive Fees,Myanmar Gems Enterprise,0.0
0,NILAR YOMA TRADING,Commercial Tax,Myanmar Gems Enterprise,0.0
0,NILAR YOMA TRADING,Corporate Income Tax,Internal Revenue Department,0.0
0,NILAR YOMA TRADING,Commercial Tax,Internal Revenue Department,0.0
0,NILAR YOMA TRADING,Customs Duties,Customs Department,0.0
0,NILAR YOMA TRADING,Sales Royalties,Internal Revenue Department,0.0
0,Jade Mountain Gems CoLtd,Sale Split,Myanmar Gems Enterprise,1584110197.0
0,Jade Mountain Gems CoLtd,Sales Royalties,Myanmar Gems Enterprise,206181258.14
0,Jade Mountain Gems CoLtd,Emporium Fees,Central Comittee,78144688.86
0,Jade Mountain Gems CoLtd,Other significant payments,Myanmar Gems Enterprise,0.0
0,Jade Mountain Gems CoLtd,Production Royalties,Myanmar Gems Enterprise,185825390.0
0,Jade Mountain Gems CoLtd,Production Royalties,Department of Mines,0.0
0,Jade Mountain Gems CoLtd,Permit Fees,Myanmar Gems Enterprise,550000000.0
0,Jade Mountain Gems CoLtd,Incentive Fees,Myanmar Gems Enterprise,23917872.55
0,Jade Mountain Gems CoLtd,Commercial Tax,Myanmar Gems Enterprise,0.0
0,Jade Mountain Gems CoLtd,Corporate Income Tax,Internal Revenue Department,1410873.0
0,Jade Mountain Gems CoLtd,Commercial Tax,Internal Revenue Department,0.0
0,Jade Mountain Gems CoLtd,Customs Duties,Customs Department,0.0
0,Jade Mountain Gems CoLtd,Sales Royalties,Internal Revenue Department,0.0
0,Ever Winner Gems,Sale Split,Myanmar Gems Enterprise,0.0
0,Ever Winner Gems,Sales Royalties,Myanmar Gems Enterprise,714474789.6
0,Ever Winner Gems,Emporium Fees,Central Comittee,114081198.28
0,Ever Winner Gems,Other significant payments,Myanmar Gems Enterprise,0.0
0,Ever Winner Gems,Production Royalties,Myanmar Gems Enterprise,38974300.0
0,Ever Winner Gems,Production Royalties,Department of Mines,0.0
0,Ever Winner Gems,Permit Fees,Myanmar Gems Enterprise,119000000.0
0,Ever Winner Gems,Incentive Fees,Myanmar Gems Enterprise,0.0
0,Ever Winner Gems,Commercial Tax,Myanmar Gems Enterprise,0.0
0,Ever Winner Gems,Corporate Income Tax,Internal Revenue Department,68883964.0
0,Ever Winner Gems,Commercial Tax,Internal Revenue Department,222493425.0
0,Ever Winner Gems,Customs Duties,Customs Department,47910115.0
0,Ever Winner Gems,Sales Royalties,Internal Revenue Department,0.0
0,Than Lwin Aye Yar Gems Co Ltd Kaung Myat Thu Kha Co Ltd,Sale Split,Myanmar Gems Enterprise,680342215.41
0,Than Lwin Aye Yar Gems Co Ltd Kaung Myat Thu Kha Co Ltd,Sales Royalties,Myanmar Gems Enterprise,134988264.84
0,Than Lwin Aye Yar Gems Co Ltd Kaung Myat Thu Kha Co Ltd,Emporium Fees,Central Comittee,17355418.08
0,Than Lwin Aye Yar Gems Co Ltd Kaung Myat Thu Kha Co Ltd,Other significant payments,Myanmar Gems Enterprise,0.0
0,Than Lwin Aye Yar Gems Co Ltd Kaung Myat Thu Kha Co Ltd,Production Royalties,Myanmar Gems Enterprise,0.0
0,Than Lwin Aye Yar Gems Co Ltd Kaung Myat Thu Kha Co Ltd,Production Royalties,Department of Mines,0.0
0,Than Lwin Aye Yar Gems Co Ltd Kaung Myat Thu Kha Co Ltd,Permit Fees,Myanmar Gems Enterprise,0.0
0,Than Lwin Aye Yar Gems Co Ltd Kaung Myat Thu Kha Co Ltd,Incentive Fees,Myanmar Gems Enterprise,17355418.08
0,Than Lwin Aye Yar Gems Co Ltd Kaung Myat Thu Kha Co Ltd,Commercial Tax,Myanmar Gems Enterprise,0.0
0,Than Lwin Aye Yar Gems Co Ltd Kaung Myat Thu Kha Co Ltd,Corporate Income Tax,Internal Revenue Department,0.0
0,Than Lwin Aye Yar Gems Co Ltd Kaung Myat Thu Kha Co Ltd,Commercial Tax,Internal Revenue Department,1980898.0
0,Than Lwin Aye Yar Gems Co Ltd Kaung Myat Thu Kha Co Ltd,Customs Duties,Customs Department,0.0
0,Than Lwin Aye Yar Gems Co Ltd Kaung Myat Thu Kha Co Ltd,Sales Royalties,Internal Revenue Department,0.0
0,Jade Padathar Gems Shwe Gaung Gaung Gems,Sale Split,Myanmar Gems Enterprise,11246447.13
0,Jade Padathar Gems Shwe Gaung Gaung Gems,Sales Royalties,Myanmar Gems Enterprise,602876528.54
0,Jade Padathar Gems Shwe Gaung Gaung Gems,Emporium Fees,Central Comittee,101101287.58
0,Jade Padathar Gems Shwe Gaung Gaung Gems,Other significant payments,Myanmar Gems Enterprise,0.0
0,Jade Padathar Gems Shwe Gaung Gaung Gems,Production Royalties,Myanmar Gems Enterprise,43027920.0
0,Jade Padathar Gems Shwe Gaung Gaung Gems,Production Royalties,Department of Mines,0.0
0,Jade Padathar Gems Shwe Gaung Gaung Gems,Permit Fees,Myanmar Gems Enterprise,120080000.0
0,Jade Padathar Gems Shwe Gaung Gaung Gems,Incentive Fees,Myanmar Gems Enterprise,0.0
0,Jade Padathar Gems Shwe Gaung Gaung Gems,Commercial Tax,Myanmar Gems Enterprise,0.0
0,Jade Padathar Gems Shwe Gaung Gaung Gems,Corporate Income Tax,Internal Revenue Department,0.0
0,Jade Padathar Gems Shwe Gaung Gaung Gems,Commercial Tax,Internal Revenue Department,0.0
0,Jade Padathar Gems Shwe Gaung Gaung Gems,Customs Duties,Customs Department,0.0
0,Jade Padathar Gems Shwe Gaung Gaung Gems,Sales Royalties,Internal Revenue Department,0.0
0,Khine Myanmar Gems CoLtd,Sale Split,Myanmar Gems Enterprise,622112875.86
0,Khine Myanmar Gems CoLtd,Sales Royalties,Myanmar Gems Enterprise,156271832.86
0,Khine Myanmar Gems CoLtd,Emporium Fees,Central Comittee,33354754.84
0,Khine Myanmar Gems CoLtd,Other significant payments,Myanmar Gems Enterprise,0.0
0,Khine Myanmar Gems CoLtd,Production Royalties,Myanmar Gems Enterprise,80585660.0
0,Khine Myanmar Gems CoLtd,Production Royalties,Department of Mines,0.0
0,Khine Myanmar Gems CoLtd,Permit Fees,Myanmar Gems Enterprise,1600000000.0
0,Khine Myanmar Gems CoLtd,Incentive Fees,Myanmar Gems Enterprise,13403331.37
0,Khine Myanmar Gems CoLtd,Commercial Tax,Myanmar Gems Enterprise,0.0
0,Khine Myanmar Gems CoLtd,Corporate Income Tax,Internal Revenue Department,50177109.0
0,Khine Myanmar Gems CoLtd,Commercial Tax,Internal Revenue Department,129206056.0
0,Khine Myanmar Gems CoLtd,Customs Duties,Customs Department,2041867.0
0,Khine Myanmar Gems CoLtd,Sales Royalties,Internal Revenue Department,0.0
0,Kan Pwint Oo,Sale Split,Myanmar Gems Enterprise,148452068.05
0,Kan Pwint Oo,Sales Royalties,Myanmar Gems Enterprise,82416188.855
0,Kan Pwint Oo,Emporium Fees,Central Comittee,63669235.13
0,Kan Pwint Oo,Other significant payments,Myanmar Gems Enterprise,0.0
0,Kan Pwint Oo,Production Royalties,Myanmar Gems Enterprise,55160490.0
0,Kan Pwint Oo,Production Royalties,Department of Mines,0.0
0,Kan Pwint Oo,Permit Fees,Myanmar Gems Enterprise,0.0
0,Kan Pwint Oo,Incentive Fees,Myanmar Gems Enterprise,3787048.98
0,Kan Pwint Oo,Commercial Tax,Myanmar Gems Enterprise,0.0
0,Kan Pwint Oo,Corporate Income Tax,Internal Revenue Department,197461362.0
0,Kan Pwint Oo,Commercial Tax,Internal Revenue Department,497154644.0
0,Kan Pwint Oo,Customs Duties,Customs Department,0.0
0,Kan Pwint Oo,Sales Royalties,Internal Revenue Department,0.0
0,KHA YANN MYAY GEMS,Sale Split,Myanmar Gems Enterprise,0.0
0,KHA YANN MYAY GEMS,Sales Royalties,Myanmar Gems Enterprise,510609099.0
0,KHA YANN MYAY GEMS,Emporium Fees,Central Comittee,65649741.3
0,KHA YANN MYAY GEMS,Other significant payments,Myanmar Gems Enterprise,0.0
0,KHA YANN MYAY GEMS,Production Royalties,Myanmar Gems Enterprise,0.0
0,KHA YANN MYAY GEMS,Production Royalties,Department of Mines,0.0
0,KHA YANN MYAY GEMS,Permit Fees,Myanmar Gems Enterprise,0.0
0,KHA YANN MYAY GEMS,Incentive Fees,Myanmar Gems Enterprise,0.0
0,KHA YANN MYAY GEMS,Commercial Tax,Myanmar Gems Enterprise,0.0
0,KHA YANN MYAY GEMS,Corporate Income Tax,Internal Revenue Department,200000.0
0,KHA YANN MYAY GEMS,Commercial Tax,Internal Revenue Department,0.0
0,KHA YANN MYAY GEMS,Customs Duties,Customs Department,0.0
0,KHA YANN MYAY GEMS,Sales Royalties,Internal Revenue Department,0.0
0,Kyay Lin,Sale Split,Myanmar Gems Enterprise,0.0
0,Kyay Lin,Sales Royalties,Myanmar Gems Enterprise,60016537.438
0,Kyay Lin,Emporium Fees,Central Comittee,12690998.75
0,Kyay Lin,Other significant payments,Myanmar Gems Enterprise,0.0
0,Kyay Lin,Production Royalties,Myanmar Gems Enterprise,0.0
0,Kyay Lin,Production Royalties,Department of Mines,0.0
0,Kyay Lin,Permit Fees,Myanmar Gems Enterprise,0.0
0,Kyay Lin,Incentive Fees,Myanmar Gems Enterprise,0.0
0,Kyay Lin,Commercial Tax,Myanmar Gems Enterprise,0.0
0,Kyay Lin,Corporate Income Tax,Internal Revenue Department,0.0
0,Kyay Lin,Commercial Tax,Internal Revenue Department,0.0
0,Kyay Lin,Customs Duties,Customs Department,0.0
0,Kyay Lin,Sales Royalties,Internal Revenue Department,0.0
0,Kyaw Thet Aung,Sale Split,Myanmar Gems Enterprise,0.0
0,Kyaw Thet Aung,Sales Royalties,Myanmar Gems Enterprise,0.0
0,Kyaw Thet Aung,Emporium Fees,Central Comittee,0.0
0,Kyaw Thet Aung,Other significant payments,Myanmar Gems Enterprise,0.0
0,Kyaw Thet Aung,Production Royalties,Myanmar Gems Enterprise,0.0
0,Kyaw Thet Aung,Production Royalties,Department of Mines,0.0
0,Kyaw Thet Aung,Permit Fees,Myanmar Gems Enterprise,550000000.0
0,Kyaw Thet Aung,Incentive Fees,Myanmar Gems Enterprise,0.0
0,Kyaw Thet Aung,Commercial Tax,Myanmar Gems Enterprise,0.0
0,Kyaw Thet Aung,Corporate Income Tax,Internal Revenue Department,0.0
0,Kyaw Thet Aung,Commercial Tax,Internal Revenue Department,0.0
0,Kyaw Thet Aung,Customs Duties,Customs Department,0.0
0,Kyaw Thet Aung,Sales Royalties,Internal Revenue Department,0.0
0,Thirawmani Gems Jewellery CoLtd,Sale Split,Myanmar Gems Enterprise,0.0
0,Thirawmani Gems Jewellery CoLtd,Sales Royalties,Myanmar Gems Enterprise,0.0
0,Thirawmani Gems Jewellery CoLtd,Emporium Fees,Central Comittee,0.0
0,Thirawmani Gems Jewellery CoLtd,Other significant payments,Myanmar Gems Enterprise,0.0
0,Thirawmani Gems Jewellery CoLtd,Production Royalties,Myanmar Gems Enterprise,0.0
0,Thirawmani Gems Jewellery CoLtd,Production Royalties,Department of Mines,0.0
0,Thirawmani Gems Jewellery CoLtd,Permit Fees,Myanmar Gems Enterprise,0.0
0,Thirawmani Gems Jewellery CoLtd,Incentive Fees,Myanmar Gems Enterprise,0.0
0,Thirawmani Gems Jewellery CoLtd,Commercial Tax,Myanmar Gems Enterprise,0.0
0,Thirawmani Gems Jewellery CoLtd,Corporate Income Tax,Internal Revenue Department,0.0
0,Thirawmani Gems Jewellery CoLtd,Commercial Tax,Internal Revenue Department,0.0
0,Thirawmani Gems Jewellery CoLtd,Customs Duties,Customs Department,0.0
0,Thirawmani Gems Jewellery CoLtd,Sales Royalties,Internal Revenue Department,0.0
0,Aung Hein Min Gems CoLtd,Sale Split,Myanmar Gems Enterprise,0.0
0,Aung Hein Min Gems CoLtd,Sales Royalties,Myanmar Gems Enterprise,216040687.72
0,Aung Hein Min Gems CoLtd,Emporium Fees,Central Comittee,47205982.84
0,Aung Hein Min Gems CoLtd,Other significant payments,Myanmar Gems Enterprise,0.0
0,Aung Hein Min Gems CoLtd,Production Royalties,Myanmar Gems Enterprise,2032960.0
0,Aung Hein Min Gems CoLtd,Production Royalties,Department of Mines,0.0
0,Aung Hein Min Gems CoLtd,Permit Fees,Myanmar Gems Enterprise,309600000.0
0,Aung Hein Min Gems CoLtd,Incentive Fees,Myanmar Gems Enterprise,0.0
0,Aung Hein Min Gems CoLtd,Commercial Tax,Myanmar Gems Enterprise,0.0
0,Aung Hein Min Gems CoLtd,Corporate Income Tax,Internal Revenue Department,71346714.0
0,Aung Hein Min Gems CoLtd,Commercial Tax,Internal Revenue Department,178150928.0
0,Aung Hein Min Gems CoLtd,Customs Duties,Customs Department,32158381.0
0,Aung Hein Min Gems CoLtd,Sales Royalties,Internal Revenue Department,0.0
0,YadanarYaungChi Gems CoLtd,Sale Split,Myanmar Gems Enterprise,0.0
0,YadanarYaungChi Gems CoLtd,Sales Royalties,Myanmar Gems Enterprise,128797460.22
0,YadanarYaungChi Gems CoLtd,Emporium Fees,Central Comittee,210181041.99
0,YadanarYaungChi Gems CoLtd,Other significant payments,Myanmar Gems Enterprise,0.0
0,YadanarYaungChi Gems CoLtd,Production Royalties,Myanmar Gems Enterprise,145388400.0
0,YadanarYaungChi Gems CoLtd,Production Royalties,Department of Mines,0.0
0,YadanarYaungChi Gems CoLtd,Permit Fees,Myanmar Gems Enterprise,0.0
0,YadanarYaungChi Gems CoLtd,Incentive Fees,Myanmar Gems Enterprise,0.0
0,YadanarYaungChi Gems CoLtd,Commercial Tax,Myanmar Gems Enterprise,0.0
0,YadanarYaungChi Gems CoLtd,Corporate Income Tax,Internal Revenue Department,0.0
0,YadanarYaungChi Gems CoLtd,Commercial Tax,Internal Revenue Department,0.0
0,YadanarYaungChi Gems CoLtd,Customs Duties,Customs Department,76575145.0
0,YadanarYaungChi Gems CoLtd,Sales Royalties,Internal Revenue Department,0.0
0,Yadanar Kaung Kin Gems JewelleryCoLtd,Sale Split,Myanmar Gems Enterprise,0.0
0,Yadanar Kaung Kin Gems JewelleryCoLtd,Sales Royalties,Myanmar Gems Enterprise,0.0
0,Yadanar Kaung Kin Gems JewelleryCoLtd,Emporium Fees,Central Comittee,0.0
0,Yadanar Kaung Kin Gems JewelleryCoLtd,Other significant payments,Myanmar Gems Enterprise,0.0
0,Yadanar Kaung Kin Gems JewelleryCoLtd,Production Royalties,Myanmar Gems Enterprise,0.0
0,Yadanar Kaung Kin Gems JewelleryCoLtd,Production Royalties,Department of Mines,0.0
0,Yadanar Kaung Kin Gems JewelleryCoLtd,Permit Fees,Myanmar Gems Enterprise,0.0
0,Yadanar Kaung Kin Gems JewelleryCoLtd,Incentive Fees,Myanmar Gems Enterprise,0.0
0,Yadanar Kaung Kin Gems JewelleryCoLtd,Commercial Tax,Myanmar Gems Enterprise,0.0
0,Yadanar Kaung Kin Gems JewelleryCoLtd,Corporate Income Tax,Internal Revenue Department,1245908905.0
0,Yadanar Kaung Kin Gems JewelleryCoLtd,Commercial Tax,Internal Revenue Department,6154613166.0
0,Yadanar Kaung Kin Gems JewelleryCoLtd,Customs Duties,Customs Department,302893796.0
0,Yadanar Kaung Kin Gems JewelleryCoLtd,Sales Royalties,Internal Revenue Department,0.0
0,Big Jade Gems CoLtd,Sale Split,Myanmar Gems Enterprise,0.0
0,Big Jade Gems CoLtd,Sales Royalties,Myanmar Gems Enterprise,92206957.7
0,Big Jade Gems CoLtd,Emporium Fees,Central Comittee,11855000.3
0,Big Jade Gems CoLtd,Other significant payments,Myanmar Gems Enterprise,0.0
0,Big Jade Gems CoLtd,Production Royalties,Myanmar Gems Enterprise,0.0
0,Big Jade Gems CoLtd,Production Royalties,Department of Mines,0.0
0,Big Jade Gems CoLtd,Permit Fees,Myanmar Gems Enterprise,0.0
0,Big Jade Gems CoLtd,Incentive Fees,Myanmar Gems Enterprise,0.0
0,Big Jade Gems CoLtd,Commercial Tax,Myanmar Gems Enterprise,0.0
0,Big Jade Gems CoLtd,Corporate Income Tax,Internal Revenue Department,0.0
0,Big Jade Gems CoLtd,Commercial Tax,Internal Revenue Department,0.0
0,Big Jade Gems CoLtd,Customs Duties,Customs Department,0.0
0,Big Jade Gems CoLtd,Sales Royalties,Internal Revenue Department,0.0
0,Golden Wallet Jewellery CoLtd,Sale Split,Myanmar Gems Enterprise,0.0
0,Golden Wallet Jewellery CoLtd,Sales Royalties,Myanmar Gems Enterprise,150625274.8
0,Golden Wallet Jewellery CoLtd,Emporium Fees,Central Comittee,19366106.76
0,Golden Wallet Jewellery CoLtd,Other significant payments,Myanmar Gems Enterprise,0.0
0,Golden Wallet Jewellery CoLtd,Production Royalties,Myanmar Gems Enterprise,0.0
0,Golden Wallet Jewellery CoLtd,Production Royalties,Department of Mines,0.0
0,Golden Wallet Jewellery CoLtd,Permit Fees,Myanmar Gems Enterprise,23280000.0
0,Golden Wallet Jewellery CoLtd,Incentive Fees,Myanmar Gems Enterprise,0.0
0,Golden Wallet Jewellery CoLtd,Commercial Tax,Myanmar Gems Enterprise,0.0
0,Golden Wallet Jewellery CoLtd,Corporate Income Tax,Internal Revenue Department,338144.0
0,Golden Wallet Jewellery CoLtd,Commercial Tax,Internal Revenue Department,0.0
0,Golden Wallet Jewellery CoLtd,Customs Duties,Customs Department,0.0
0,Golden Wallet Jewellery CoLtd,Sales Royalties,Internal Revenue Department,0.0
0,Tun Tauk Sa Gems CoLtd,Sale Split,Myanmar Gems Enterprise,0.0
0,Tun Tauk Sa Gems CoLtd,Sales Royalties,Myanmar Gems Enterprise,297164920.91
0,Tun Tauk Sa Gems CoLtd,Emporium Fees,Central Comittee,38206864.41
0,Tun Tauk Sa Gems CoLtd,Other significant payments,Myanmar Gems Enterprise,0.0
0,Tun Tauk Sa Gems CoLtd,Production Royalties,Myanmar Gems Enterprise,179550.0
0,Tun Tauk Sa Gems CoLtd,Production Royalties,Department of Mines,0.0
0,Tun Tauk Sa Gems CoLtd,Permit Fees,Myanmar Gems Enterprise,1080000.0
0,Tun Tauk Sa Gems CoLtd,Incentive Fees,Myanmar Gems Enterprise,0.0
0,Tun Tauk Sa Gems CoLtd,Commercial Tax,Myanmar Gems Enterprise,0.0
0,Tun Tauk Sa Gems CoLtd,Corporate Income Tax,Internal Revenue Department,0.0
0,Tun Tauk Sa Gems CoLtd,Commercial Tax,Internal Revenue Department,0.0
0,Tun Tauk Sa Gems CoLtd,Customs Duties,Customs Department,0.0
0,Tun Tauk Sa Gems CoLtd,Sales Royalties,Internal Revenue Department,0.0
